{"cameraMode":{"drawMode":0,"name":"Shaded","section":"Shading Mode"},"sceneLighting":false,"audioPlay":false,"sceneViewState":{"m_AlwaysRefresh":false,"showFog":true,"showSkybox":false,"showFlares":true,"showImageEffects":true,"showParticleSystems":true,"showVisualEffectGraphs":true,"m_FxEnabled":true},"in2DMode":false,"pivot":{"x":-0.0014774342998862267,"y":0.7711342573165894,"z":11.893123626708985},"rotation":{"x":0.110800601541996,"y":-0.12340274453163147,"z":0.013867166824638844,"w":0.9860559701919556},"size":1.140142560005188,"orthographic":true}