{"cameraMode":{"drawMode":0,"name":"Shaded","section":"Shading Mode"},"sceneLighting":false,"audioPlay":false,"sceneViewState":{"m_AlwaysRefresh":false,"showFog":true,"showSkybox":false,"showFlares":true,"showImageEffects":true,"showParticleSystems":true,"showVisualEffectGraphs":true,"m_FxEnabled":true},"in2DMode":false,"pivot":{"x":12.006900787353516,"y":2.465200424194336,"z":11.553248405456543},"rotation":{"x":0.05909104645252228,"y":0.6750505566596985,"z":-0.05438975989818573,"w":0.7333918213844299},"size":4.828052520751953,"orthographic":true}