{"cameraMode":{"drawMode":0,"name":"Shaded","section":"Shading Mode"},"sceneLighting":true,"audioPlay":false,"sceneViewState":{"m_AlwaysRefresh":false,"showFog":true,"showSkybox":true,"showFlares":true,"showImageEffects":true,"showParticleSystems":true,"showVisualEffectGraphs":true,"m_FxEnabled":true},"in2DMode":false,"pivot":{"x":3.2950778007507326,"y":-0.0207451693713665,"z":0.5633491277694702},"rotation":{"x":-0.21629273891448975,"y":-0.12641791999340058,"z":0.028290126472711564,"w":-0.9677177667617798},"size":13.942112922668457,"orthographic":false}