{"cameraMode":{"drawMode":0,"name":"Shaded","section":"Shading Mode"},"sceneLighting":true,"audioPlay":false,"sceneViewState":{"m_AlwaysRefresh":false,"showFog":true,"showSkybox":true,"showFlares":true,"showImageEffects":true,"showParticleSystems":true,"showVisualEffectGraphs":true,"m_FxEnabled":true},"in2DMode":false,"pivot":{"x":-19.629535675048829,"y":-860.27685546875,"z":-0.000002562999725341797},"rotation":{"x":-0.024597732350230218,"y":0.01199618075042963,"z":0.0002952601935248822,"w":0.9996280074119568},"size":1.299038290977478,"orthographic":true}