{"cameraMode":{"drawMode":0,"name":"Shaded","section":"Shading Mode"},"sceneLighting":false,"audioPlay":false,"sceneViewState":{"m_AlwaysRefresh":false,"showFog":true,"showSkybox":false,"showFlares":true,"showImageEffects":true,"showParticleSystems":true,"showVisualEffectGraphs":true,"m_FxEnabled":true},"in2DMode":false,"pivot":{"x":12.93349838256836,"y":-2.010572910308838,"z":0.0987904742360115},"rotation":{"x":0.029389414936304094,"y":0.01649223081767559,"z":-0.0004848093376494944,"w":0.9994340538978577},"size":9.416207313537598,"orthographic":true}