{"cameraMode":{"drawMode":0,"name":"Shaded","section":"Shading Mode"},"sceneLighting":false,"audioPlay":false,"sceneViewState":{"m_AlwaysRefresh":false,"showFog":true,"showSkybox":false,"showFlares":true,"showImageEffects":true,"showParticleSystems":true,"showVisualEffectGraphs":true,"m_FxEnabled":true},"in2DMode":false,"pivot":{"x":-11.98922348022461,"y":1.0858981609344483,"z":11.430024147033692},"rotation":{"x":0.026352429762482644,"y":0.056949228048324588,"z":-0.0015029998030513526,"w":0.9980329275131226},"size":2.3959898948669435,"orthographic":true}